category,promo_type,mean_ir_percent,mean_isu_percent,total_inc_revenue,events_count
Combo1,500 Cashback,-56.30484343340728,162.17093939955635,-35307000.0,100
Grocery & Staples,BOGOF,87.22882587710863,274.45765175421724,8833350.0,100
Home Appliances,BOGOF,79.03267158022085,258.06534316044167,7833640.0,200
Home Care,BOGOF,78.88154749429818,257.7630949885963,5027890.0,200
Personal Care,50% OFF,-33.25538748291505,33.48922503416991,-726663.5,300
